title,specifications,price,rating,reviews,availability
Pulsar Gaming Gears,"Xlite V3 medium Wireless Gaming Mouse, Ultra Lightweight 1.94 oz (55 g), Ergonomic, Optical Switches, PAW3395 Optical Sensor (Medium, Wireless, Black)",69.96,4.5 out of 5 stars,"1,783 ratings",In Stock
DAREU A955 Lightweight Wireless Gaming Mouse with RGB Charging Dock,Tri-Mode 2.4G/USB-C/BT Mouse Up to 12K DPI Optical Sensor -KBS II Buttons Fully Programmable- 120 Hr Battery,59.99,4.5 out of 5 stars,104 ratings,In Stock
"SM900 White Wired Gaming Mouse with Honeycomb Shell,12800 DPI,7 Programmable Buttons,Lightweight Gaming Mice Ergonomic Computer Mouse Gaming for Windows/PC/Mac/Laptop Gamer",,19.89,4.4 out of 5 stars,277 ratings,In Stock
"HyperX Pulsefire Gaming Mouse, Ultra","Lightweight, 59g, Honeycomb Shell, Hex Design, RGB, HyperFlex USB Cable, Up to 16000 DPI, 6 Programmable Buttons,Black",79.95,4.6 out of 5 stars,"8,728 ratings",
Glorious Model O,"(Minus) Compact Wired Gaming Mouse - 58g Superlight Honeycomb Design, RGB, Pixart 3360 Sensor, Ambidextrous, Omron Switches - Matte White",49.99,4.6 out of 5 stars,"17,174 ratings",In Stock
Logitech G502 X Lightspeed Wireless Gaming Mouse,"LIGHTFORCE hybrid optical-mechanical switches, HERO 25K gaming sensor, compatible with PC - macOS/Windows - Black",126.75,4.5 out of 5 stars,"3,483 ratings",In Stock
"Uiosmuph LED Wireless Mouse, G12 Slim Rechargeable Wireless Silent Mouse, 2.4G Portable USB Optical Wireless Computer Mice with USB receiver and Type C Adapter (Matte Black)",,11.99,4.3 out of 5 stars,"69,798 ratings",In Stock
Turtle Beach Pure Air,"Ultra-Light Wireless Ergonomic RGB Gaming Mouse, 26K DPI Optical Sensor, 125 hour Battery, Dual Wireless System, TITAN Optical Switches, Bluetooth, RGB Illumination - Black",88.99,4.2 out of 5 stars,41 ratings,In Stock
"SM900 White Wired Gaming Mouse with Honeycomb Shell,12800 DPI,7 Programmable Buttons,Lightweight Gaming Mice Ergonomic Computer Mouse Gaming for Windows/PC/Mac/Laptop Gamer",,19.89,4.4 out of 5 stars,277 ratings,In Stock
"SM600 Honeycomb Shell Gaming Mouse Wireless,8000 DPI Tri","Modes Bluetooth/2.4G Wireless/Type-C wired Gamer Mouse with 2 Side Buttons, Macro Programmable and RGB Light for PC/Mac/Laptop,Green",22.89,4.2 out of 5 stars,"1,112 ratings",In Stock
"ASUS TUF Gaming M4 Air Lightweight Gaming Mouse | 16,000 dpi sensor, Programmable Buttons, 47g Ultralight Air Shell, IPX6 Water Resistance, TUF Gaming Paracord and Low Friction PTFE Feet, Black",,34.99,4.4 out of 5 stars,263 ratings,In Stock
"Redragon M810 Pro Wireless Gaming Mouse, 10000 DPI Wired/Wireless Gamer Mouse w/Rapid Fire Key, 8 Macro Buttons, 45",Hour Reliable Power Capacity and RGB Backlit for PC/Mac/Laptop,32.99,4.6 out of 5 stars,"1,606 ratings",In Stock
Glorious Model O Wireless Gaming Mouse,"Superlight, 69g Honeycomb Design, RGB, Ambidextrous, Lag Free 2.4GHz Wireless, Up to 71 Hours Battery - Matte White",79.99,4.5 out of 5 stars,"4,238 ratings",Only 1 left in stock - order soon.
"Logitech G PRO X SUPERLIGHT Wireless Gaming Mouse, Ultra","Lightweight, HERO 25K Sensor, 25,600 DPI, 5 Programmable Buttons, Long Battery Life, Compatible with PC / Mac - Black",107.49,4.6 out of 5 stars,"7,256 ratings",
"Logitech G PRO X SUPERLIGHT 2 LIGHTSPEED Wireless Gaming Mouse, 4K Polling, Lightweight, LIGHTFORCE Hybrid Switches, HERO 2 Sensor, 32,000 DPI, 5 Programmable Buttons, USB","C Charging, PC & Mac - Black",144.5,4.5 out of 5 stars,662 ratings,Only 17 left in stock - order soon.
"Logitech G PRO X SUPERLIGHT Wireless Gaming Mouse, Ultra","Lightweight, HERO 25K Sensor, 25,600 DPI, 5 Programmable Buttons, Long Battery Life, Compatible with PC / Mac - White",124,4.7 out of 5 stars,"3,671 ratings",In Stock
"GGH LED Wireless Mouse for Laptop,Slim Bluetooth Mouse with USB Receiver and Type C Adapter,3 Adjustable DPI Computer Mice,Silent Rechargeable Mouse for MacBook,Chromebook,Lenovo,HP Laptop",,9.98,4.5 out of 5 stars,418 ratings,In Stock
Razer Viper Ultimate Lightweight Wireless Gaming Mouse & RGB Charging Dock,Hyperspeed Wireless Technology - 20K DPI Optical Sensor - 74g Lightweight - 70 Hr Battery - Mercury White,94.99,4.6 out of 5 stars,"16,330 ratings",In Stock
"VersionTECH. Wireless Gaming Mouse, Rechargeable Computer Mouse Mice with Colorful LED Lights, Silent Click, 2.4G USB Nano Receiver, 3 Level DPI for PC Gamer Laptop Desktop Chromebook Mac",Black,15.99,4.3 out of 5 stars,"5,336 ratings",In Stock
Razer DeathAdder Essential Gaming Mouse,6400 DPI Optical Sensor - 5 Programmable Buttons - Mechanical Switches - Rubber Side Grips - Mercury White,21.34,4.4 out of 5 stars,"11,618 ratings",In Stock
"BENGOO Gaming Mouse Wired, Ergonomic Gamer Laptop PC USB Optical Computer Mice with RGB Backlit, 4 Adjustable DPI Up to 3600, 6 Programmable Buttons for Windows 7/8/10/XP Vista Linux",Black,11.99,4.6 out of 5 stars,"12,619 ratings",In Stock
"Gaming Mouse, Wired PC Entry Level Mouse with RGB Backlit and Adjustable DPI, Ergonomic Office Laptop Mouse, Computer Gamer Mouse with 7 Responsive Buttons for Windows/Mac/Linux/Chrome",,9.99,4.5 out of 5 stars,109 ratings,In Stock
Razer Orochi V2 Mobile Wireless Gaming Mouse,Ultra Lightweight - 2 Wireless Modes - Up to 950hrs Battery Life - Mechanical Mouse Switches - 5G Advanced 18K DPI Optical Sensor - White,44.99,4.5 out of 5 stars,"4,336 ratings",In Stock
"Wireless Gaming Mouse, Tri","Mode 2.4G/USB-C/Bluetooth Rechargeable Mouse with Colorful RGB Lights, 4800DPI Optical Sensor, 6 Buttons, Ergonomic Mouse Gaming for PC, Laptop, Mac",16.99,4.6 out of 5 stars,32 ratings,In Stock
seenda Rechargeable Wireless Mouse,"Light Up Mouse for Laptop, Small Cordless Mice with Quiet Click & LED Lights for Kids' Chromebook, Windows, Mac PC Computer - Black",11.99,4.5 out of 5 stars,"16,784 ratings",In Stock
Corsair M75 AIR WIRELESS Ultra,"Light FPS Gaming Mouse – 26,000 DPI – Ultra-Fast Input – Symmetric Shape – iCUE Compatible – PC, Mac – Light Gray",69.99,4.2 out of 5 stars,184 ratings,In Stock
"XVX Wired Gaming Mouse, 12000 DPI RGB Gaming Mouse with 12 Backlit Modes & 7 Macro Buttons, PC Gaming Mice Support DIY Keybinding, Mouse Gamer Computer Mouse for Laptop PC Mac Windows, Kanagawa",,26.99,4.6 out of 5 stars,3 ratings,In Stock
